{"train_loss": 0.21092066168785095, "epoch": 50, "_timestamp": 1705468997.6698542, "_runtime": 1793.8200242519379, "_step": 135, "val_loss": 0.33776095509529114, "val_accuracy": 0.9243260622024536, "best_accuracy": 0.9254628419876099, "Confusion Matrix (3 types)": {"_type": "image-file", "sha256": "cc22d86b2c7d9af0ea107ca02fe3466ee693cd87c992c7fc1d4f29c91a00bebb", "size": 93190, "path": "media/images/Confusion Matrix (3 types)_135_cc22d86b2c7d9af0ea10.png", "format": "png", "width": 3000, "height": 1200}, "_wandb": {"runtime": 1793}}