{"train_loss": 1.7624582052230835, "epoch": 1, "_timestamp": 1705472298.5139382, "_runtime": 247.01785016059875, "_step": 0, "_wandb": {"runtime": 263}}