{"val_loss": 0.3306451439857483, "_timestamp": 1705543003.007138, "train_loss": 0.26198258996009827, "_step": 131, "epoch": 50, "_runtime": 8729.11476612091, "Confusion Matrix (3 types)": {"_type": "image-file", "sha256": "71f00e98c2b7990d9da8c6f6940f4652720de1b474292f61e1349feed414f9ab", "size": 98946, "path": "media/images/Confusion Matrix (3 types)_131_71f00e98c2b7990d9da8.png", "format": "png", "width": 3000, "height": 1200}, "val_accuracy": 0.9104687571525574, "best_accuracy": 0.9109559655189514, "_wandb": {"runtime": 8633}}