{"train_loss": 0.0011149492347612977, "epoch": 1, "_timestamp": 1705504673.8891578, "_runtime": 357.6093018054962, "_step": 3, "val_loss": 0.0002185194898629561, "val_accuracy": 0.9375338554382324, "best_accuracy": 0.9375338554382324, "Confusion Matrix (3 types)": {"_type": "image-file", "sha256": "e0351c483492f02dbfd50f464533d4e0f32374337d6831ce7c7ad402ae1123ed", "size": 102178, "path": "media/images/Confusion Matrix (3 types)_3_e0351c483492f02dbfd5.png", "format": "png", "width": 3000, "height": 1200}, "_wandb": {"runtime": 356}}