{"train_loss": 1.7587556838989258, "epoch": 1, "_timestamp": 1705476468.3403676, "_runtime": 327.338214635849, "_step": 2, "val_loss": 1.7219804525375366, "val_accuracy": 0.26843130588531494, "best_accuracy": 0.26843130588531494, "_wandb": {"runtime": 438}}