{"val_loss": 0.0003396494430489838, "train_loss": 0.0001101954039768316, "val_accuracy": 0.941322922706604, "_step": 106, "epoch": 50, "_timestamp": 1705542413.549769, "best_accuracy": 0.9448413848876952, "Confusion Matrix (3 types)": {"_type": "image-file", "sha256": "ebc8fdf5206a295a329ea7fe5cc14617afcdf13daff79d17d37eedca93c5e384", "size": 102740, "path": "media/images/Confusion Matrix (3 types)_106_ebc8fdf5206a295a329e.png", "format": "png", "width": 3000, "height": 1200}, "_runtime": 16291.461459875107, "_wandb": {"runtime": 16088}}