{"train_loss": 2.0057287216186523, "epoch": 1, "_timestamp": 1705596154.547962, "_runtime": 241.79613399505615, "_step": 3, "val_loss": 1.9023945331573486, "val_accuracy": 0.37366026639938354, "best_accuracy": 0.37366026639938354, "Confusion Matrix (3 types)": {"_type": "image-file", "sha256": "90c5d7b186f02fd0527f1ae9bc2735290e2ac259783f01222253e4448406affa", "size": 82096, "path": "media/images/Confusion Matrix (3 types)_3_90c5d7b186f02fd0527f.png", "format": "png", "width": 3000, "height": 1200}, "_wandb": {"runtime": 241}}