{"train_loss": 1.4244492053985596, "epoch": 3, "_timestamp": 1705471911.4841015, "_runtime": 572.6888415813446, "_step": 6, "val_loss": 1.7050572633743286, "val_accuracy": 0.40142902731895447, "best_accuracy": 0.40142902731895447, "_wandb": {"runtime": 588}}