{"train_loss": 1.6853991746902466, "epoch": 2, "_timestamp": 1705466080.5924413, "_runtime": 91.36215543746948, "_step": 5, "val_loss": 1.717597246170044, "val_accuracy": 0.2682689130306244, "best_accuracy": 0.2682689130306244, "Confusion Matrix (3 types)": {"_type": "image-file", "sha256": "0f4f85e7ad6c6943e0997e7b00253ff0066a224854f304428c17a43c267ea68a", "size": 64304, "path": "media/images/Confusion Matrix (3 types)_5_0f4f85e7ad6c6943e099.png", "format": "png", "width": 3000, "height": 1200}, "_wandb": {"runtime": 90}}