{"train_loss": 0.0011469187447801232, "epoch": 1, "_timestamp": 1705504121.6213162, "_runtime": 355.19344425201416, "_step": 2, "val_loss": 0.00020033611508551985, "val_accuracy": 0.9395907521247864, "best_accuracy": 0.9395907521247864, "_wandb": {"runtime": 430}}