{"train_loss": 0.1517684906721115, "val_accuracy": 0.936018168926239, "_timestamp": 1705582967.9293501, "_runtime": 10980.64717912674, "val_loss": 0.2223152369260788, "best_accuracy": 0.9378044605255128, "Confusion Matrix (3 types)": {"_type": "image-file", "sha256": "e0d82116c32f2af9ed64e0318b25e6dcae3f0a737ef3c3e197bc3bd302eb3224", "size": 102688, "path": "media/images/Confusion Matrix (3 types)_133_e0d82116c32f2af9ed64.png", "format": "png", "width": 3000, "height": 1200}, "_step": 133, "epoch": 50, "_wandb": {"runtime": 10887}}