{"train_loss": 1.6858996152877808, "epoch": 2, "_timestamp": 1705466343.501067, "_runtime": 92.04211497306824, "_step": 5, "val_loss": 1.7145501375198364, "val_accuracy": 0.2582007050514221, "best_accuracy": 0.27130019664764404, "Confusion Matrix (3 types)": {"_type": "image-file", "sha256": "fc52844b57f0887593e2ba9852603a328ce9f3fcfe5d03f5a56f99cebf7cf000", "size": 64978, "path": "media/images/Confusion Matrix (3 types)_5_fc52844b57f0887593e2.png", "format": "png", "width": 3000, "height": 1200}, "_wandb": {"runtime": 91}}