{"train_loss": 0.0011187439085915685, "epoch": 1, "_timestamp": 1705503150.7292125, "_runtime": 273.446266412735, "_step": 0, "_wandb": {"runtime": 346}}