{"train_loss": 0.23356406390666962, "epoch": 44, "_timestamp": 1705594177.8730173, "_runtime": 9456.148910284042, "_step": 118, "val_loss": 0.2936135232448578, "val_accuracy": 0.9158817529678345, "best_accuracy": 0.9158817529678345}