{"train_loss": 0.19833692908287048, "epoch": 18, "_timestamp": 1705475946.251494, "_runtime": 3579.0164618492126, "_step": 53, "val_loss": 0.25255635380744934, "val_accuracy": 0.9320666790008545, "best_accuracy": 0.9320666790008545, "_wandb": {"runtime": 3682}}