{"train_loss": 0.007743075955659151, "epoch": 12, "_timestamp": 1705560471.9521058, "_runtime": 10078.692884683609, "_step": 23, "val_loss": 0.001868299557827413, "val_accuracy": 0.2551153004169464, "best_accuracy": 0.26523762941360474, "_wandb": {"runtime": 10095}}