{"train_loss": 0.26198258996009827, "epoch": 50, "_timestamp": 1705489555.353987, "_runtime": 8583.834501028061, "_step": 130, "val_loss": 0.3306451439857483, "val_accuracy": 0.9104687571525574, "best_accuracy": 0.9109559655189514, "Confusion Matrix (3 types)": {"_type": "image-file", "sha256": "3eef2679bd7a87aa7d158ceeb3e49f47db654fce26b1beeea80d6c652e7175c6", "size": 87080, "path": "media/images/Confusion Matrix (3 types)_130_3eef2679bd7a87aa7d15.png", "format": "png", "width": 3000, "height": 1200}, "_wandb": {"runtime": 8583}}