{"train_loss": 0.20157170295715332, "Confusion Matrix (3 types)": {"_type": "image-file", "sha256": "60fb81e02d0efc4acd012838e9b5b88041b8f989cd1f871064680b1231a1be79", "size": 100740, "path": "media/images/Confusion Matrix (3 types)_141_60fb81e02d0efc4acd01.png", "format": "png", "width": 3000, "height": 1200}, "val_loss": 0.26353326439857483, "epoch": 50, "_runtime": 8833.228395223618, "_timestamp": 1705545682.994573, "val_accuracy": 0.9289812445640564, "best_accuracy": 0.9303886294364928, "_step": 141, "_wandb": {"runtime": 8819}}