{"train_loss": 1.6909172534942627, "epoch": 2, "_timestamp": 1705466649.578892, "_runtime": 91.56532406806946, "_step": 6, "val_loss": 1.720595121383667, "val_accuracy": 0.267456978559494, "best_accuracy": 0.267456978559494, "Confusion Matrix (3 types)": {"_type": "image-file", "sha256": "c4ff958bb28d86e1a7ccd2ff5e15a2ad96e8ea455444a107d081c3d02594ac15", "size": 79382, "path": "media/images/Confusion Matrix (3 types)_6_c4ff958bb28d86e1a7cc.png", "format": "png", "width": 3000, "height": 1200}, "_wandb": {"runtime": 91}}