{"train_loss": 0.1517684906721115, "epoch": 50, "_timestamp": 1705572413.575963, "_runtime": 10882.32528090477, "_step": 132, "val_loss": 0.2223152369260788, "val_accuracy": 0.936018168926239, "best_accuracy": 0.9378044605255127, "Confusion Matrix (3 types)": {"_type": "image-file", "sha256": "b0f5ac572887f5eb14a1bc8345ae5bf43c2216b8dcb565687e474abaeda2c9ae", "size": 91177, "path": "media/images/Confusion Matrix (3 types)_132_b0f5ac572887f5eb14a1.png", "format": "png", "width": 3000, "height": 1200}, "_wandb": {"runtime": 10882}}