{"train_loss": 0.001241563237272203, "epoch": 1, "_timestamp": 1705548848.8170567, "_runtime": 250.22982954978943, "_step": 2, "val_loss": 0.00020938381203450263, "val_accuracy": 0.9400238394737244, "best_accuracy": 0.9400238394737244, "_wandb": {"runtime": 275}}