{"train_loss": 0.1736498922109604, "epoch": 50, "_timestamp": 1705490097.4382298, "_runtime": 8693.08001279831, "_step": 138, "val_loss": 0.24352526664733887, "val_accuracy": 0.9337447285652161, "best_accuracy": 0.9337447285652161, "Confusion Matrix (3 types)": {"_type": "image-file", "sha256": "60164e77e5d56c7a1a62d37053c6f103cccece7794c966ff19c9d43fa153b466", "size": 101110, "path": "media/images/Confusion Matrix (3 types)_138_60164e77e5d56c7a1a62.png", "format": "png", "width": 3000, "height": 1200}, "_wandb": {"runtime": 8692}}