{"_step": 130, "epoch": 50, "val_loss": 0.3306451439857483, "_timestamp": 1705489555.353987, "_runtime": 8583.834501028061, "train_loss": 0.26198258996009827, "val_accuracy": 0.9104687571525574, "best_accuracy": 0.9109559655189514, "Confusion Matrix (3 types)": {"path": "media/images/Confusion Matrix (3 types)_130_3eef2679bd7a87aa7d15.png", "size": 87080, "_type": "image-file", "width": 3000, "format": "png", "height": 1200, "sha256": "3eef2679bd7a87aa7d158ceeb3e49f47db654fce26b1beeea80d6c652e7175c6"}, "_wandb": {"runtime": 8630}}