{"train_loss": 0.20157170295715332, "epoch": 50, "_timestamp": 1705487552.0229847, "_runtime": 8815.67232966423, "_step": 140, "val_loss": 0.26353326439857483, "val_accuracy": 0.9289812445640564, "best_accuracy": 0.9303886294364929, "Confusion Matrix (3 types)": {"_type": "image-file", "sha256": "78dfa74c26cb1b7897f08690435fc44cf120cafc1cce93bb2d824efaec6e726c", "size": 89637, "path": "media/images/Confusion Matrix (3 types)_140_78dfa74c26cb1b7897f0.png", "format": "png", "width": 3000, "height": 1200}, "_wandb": {"runtime": 8815}}