{"train_loss": 0.00011019540397683159, "epoch": 50, "_timestamp": 1705521294.5530202, "_runtime": 16072.339784145355, "_step": 104, "val_loss": 0.0003396494430489838, "val_accuracy": 0.941322922706604, "best_accuracy": 0.9448413848876953, "Confusion Matrix (3 types)": {"_type": "image-file", "sha256": "61dcaecba45c8954d58fbfb8fa4aa319d60d8dd58d04b7a2401e79d107e439c3", "size": 91108, "path": "media/images/Confusion Matrix (3 types)_104_61dcaecba45c8954d58f.png", "format": "png", "width": 3000, "height": 1200}, "_wandb": {"runtime": 16071}}