{"train_loss": 0.21001039445400238, "epoch": 50, "_timestamp": 1705470960.033721, "_runtime": 1801.069416999817, "_step": 133, "val_loss": 0.34444141387939453, "val_accuracy": 0.9235141277313232, "best_accuracy": 0.9235141277313232, "Confusion Matrix (3 types)": {"_type": "image-file", "sha256": "98a0ab1a7c728e91b4fa2964d1d7a270cca16e9d60a484fb75b807f88dd416a7", "size": 99502, "path": "media/images/Confusion Matrix (3 types)_133_98a0ab1a7c728e91b4fa.png", "format": "png", "width": 3000, "height": 1200}, "_wandb": {"runtime": 1800}}